REGION	POS	REF	ALT	REF_DP	REF_RV	REF_QUAL	ALT_DP	ALT_RV	ALT_QUAL	ALT_FREQ	TOTAL_DP	PVAL	PASS	GFF_FEATURE	REF_CODON	REF_AA	ALT_CODON	ALT_AA	POS_AA
MN908947.3	241	C	T	0	0	0	698	396	35	1	698	0	TRUE	NA	NA	NA	NA	NA	NA
MN908947.3	913	C	T	0	0	0	2368	1525	35	1	2368	0	TRUE	orf1ab:cds-QHD43415.1	TCC	S	TCT	S	216
MN908947.3	3037	C	T	0	0	0	260	163	35	1	260	1.35461e-157	TRUE	orf1ab:cds-QHD43415.1	TTC	F	TTT	F	924
MN908947.3	3267	C	T	0	0	0	1755	572	35	1	1755	0	TRUE	orf1ab:cds-QHD43415.1	ACT	T	ATT	I	1001
MN908947.3	5388	C	A	0	0	0	777	233	35	0.998715	778	0	TRUE	orf1ab:cds-QHD43415.1	GCT	A	GAT	D	1708
MN908947.3	5986	C	T	0	0	0	180	47	34	1	180	1.28764e-108	TRUE	orf1ab:cds-QHD43415.1	TTC	F	TTT	F	1907
MN908947.3	6954	T	C	0	0	0	192	138	35	1	192	6.2372e-115	TRUE	orf1ab:cds-QHD43415.1	ATA	I	ACA	T	2230
MN908947.3	8603	T	C	0	0	0	172	127	35	1	172	6.49137e-103	TRUE	orf1ab:cds-QHD43415.1	TTC	F	CTC	L	2780
MN908947.3	11287	G	-TCTGGTTTT	2672	1769	35	2422	0	20	0.904744	2677	0	TRUE	NA	NA	NA	NA	NA	NA
MN908947.3	11296	T	G	0	0	0	86	44	35	1	86	9.6521e-160	TRUE	orf1ab:cds-QHD43415.1	TTT	F	TTG	L	3677
MN908947.3	12076	C	T	0	0	0	821	481	35	1	821	0	TRUE	orf1ab:cds-QHD43415.1	AAC	N	AAT	N	3937
MN908947.3	14408	C	T	1	1	32	739	350	35	0.998649	740	0	TRUE	orf1ab:cds-QHD43415.1	CCT	P	CTT	L	314
MN908947.3	14676	C	T	0	0	0	2252	642	35	1	2252	0	TRUE	orf1ab:cds-QHD43415.1	CCC	P	CCT	P	403
MN908947.3	15279	C	T	0	0	0	1048	383	35	1	1048	0	TRUE	orf1ab:cds-QHD43415.1	CAC	H	CAT	H	604
MN908947.3	16176	T	C	0	0	0	1175	780	35	1	1175	0	TRUE	orf1ab:cds-QHD43415.1	ACT	T	ACC	T	903
MN908947.3	17615	A	G	0	0	0	903	572	34	1	903	0	TRUE	orf1ab:cds-QHD43415.1	AAG	K	AGG	R	1383
MN908947.3	19398	G	T	0	0	0	43	22	34	1	43	1.50658e-25	TRUE	orf1ab:cds-QHD43415.1	GAG	E	GAT	D	1977
MN908947.3	21764	A	-TACATG	224	73	35	220	0	20	0.982143	224	6.73465e-47	TRUE	NA	NA	NA	NA	NA	NA
MN908947.3	21990	T	-TTA	74	50	34	65	0	20	0.844156	77	3.58008e-16	TRUE	NA	NA	NA	NA	NA	NA
MN908947.3	22213	T	G	0	0	0	668	462	34	1	668	0	TRUE	S:cds-QHD43416.1	CCT	P	CCG	P	217
MN908947.3	23063	A	T	0	0	0	97	72	34	1	97	1.3923e-57	TRUE	S:cds-QHD43416.1	AAT	N	TAT	Y	501
MN908947.3	23271	C	A	0	0	0	2895	1168	35	0.999655	2896	0	TRUE	S:cds-QHD43416.1	GCT	A	GAT	D	570
MN908947.3	23403	A	G	0	0	0	2626	1661	35	1	2626	0	TRUE	S:cds-QHD43416.1	GAT	D	GGT	G	614
MN908947.3	23604	C	A	0	0	0	438	148	35	1	438	4.65556e-264	TRUE	S:cds-QHD43416.1	CCT	P	CAT	H	681
MN908947.3	23709	C	T	0	0	0	442	284	35	1	442	3.63696e-266	TRUE	S:cds-QHD43416.1	ACA	T	ATA	I	716
MN908947.3	24506	T	G	0	0	0	1234	408	35	0.99919	1235	0	TRUE	S:cds-QHD43416.1	TCA	S	GCA	A	982
MN908947.3	24914	G	C	0	0	0	1024	681	35	1	1024	0	TRUE	S:cds-QHD43416.1	GAC	D	CAC	H	1118
MN908947.3	25437	G	T	0	0	0	732	264	35	1	732	0	TRUE	ORF3a:cds-QHD43417.1	TTG	L	TTT	F	15
MN908947.3	27972	C	T	0	0	0	374	196	35	1	374	1.4668e-225	TRUE	ORF8:cds-QHD43422.1	CAA	Q	TAA	*	27
MN908947.3	28048	G	T	0	0	0	321	209	35	1	321	2.80946e-194	TRUE	ORF8:cds-QHD43422.1	AGA	R	ATA	I	52
MN908947.3	28111	A	G	0	0	0	1139	393	35	1	1139	0	TRUE	ORF8:cds-QHD43422.1	TAC	Y	TGC	C	73
MN908947.3	28270	T	-A	2119	1107	34	1932	0	20	0.901119	2144	0	TRUE	NA	NA	NA	NA	NA	NA
MN908947.3	28280	G	C	0	0	0	1894	1062	35	1	1894	0	TRUE	N:cds-QHD43423.2	GAT	D	CAT	H	3
MN908947.3	28281	A	T	0	0	0	1851	1023	35	1	1851	0	TRUE	N:cds-QHD43423.2	GAT	D	GTT	V	3
MN908947.3	28282	T	A	0	0	0	1880	1062	35	1	1880	0	TRUE	N:cds-QHD43423.2	GAT	D	GAA	E	3
MN908947.3	28881	G	A	0	0	0	330	180	35	1	330	1.25613e-202	TRUE	N:cds-QHD43423.2	AGG	R	AAG	K	203
MN908947.3	28882	G	A	0	0	0	332	180	34	1	332	3.00735e-203	TRUE	N:cds-QHD43423.2	AGG	R	AGA	R	203
MN908947.3	28883	G	C	0	0	0	346	181	35	1	346	1.60514e-207	TRUE	N:cds-QHD43423.2	GGA	G	CGA	R	204
MN908947.3	28977	C	T	0	0	0	252	172	35	1	252	2.25238e-153	TRUE	N:cds-QHD43423.2	TCT	S	TTT	F	235
